post_id,tags
1,"['Data Preprocessing', 'Autoencoders', 'Natural Language Processing']"
2,"['Autoencoders', 'Natural Language Processing', 'PyTorch']"
3,['Computer Vision']
4,['Deep Learning']
5,"['Neural Networks', 'Natural Language Processing']"
6,['Unsupervised Learning']
7,['Time Series Analysis']
8,"['Natural Language Processing', 'TensorFlow']"
9,['Autoencoders']
10,['Clustering']
11,['TensorFlow']
12,['Neural Networks']
13,"['Autoencoders', 'PyTorch']"
14,['Supervised Learning']
15,['Clustering']
16,['TensorFlow']
17,"['Autoencoders', 'Data Science', 'Clustering']"
18,['Regression Analysis']
19,"['Autoencoders', 'Regression Analysis', 'Time Series Analysis']"
20,"['Clustering', 'Classification']"
21,['Regression Analysis']
22,"['Unsupervised Learning', 'Clustering']"
23,['Recommender Systems']
24,"['PyTorch', 'Unsupervised Learning', 'Regression Analysis']"
25,"['Computer Vision', 'Neural Networks']"
26,['Computer Vision']
27,['Data Preprocessing']
28,"['PyTorch', 'AI Ethics', 'Autoencoders']"
29,['Deep Learning']
30,"['Time Series Analysis', 'TensorFlow']"
31,"['Time Series Analysis', 'AI Ethics']"
32,['Computer Vision']
33,"['Data Preprocessing', 'Neural Networks']"
34,['TensorFlow']
35,"['Ensemble Learning', 'PyTorch']"
36,"['Time Series Analysis', 'Reinforcement Learning']"
37,"['TensorFlow', 'Computer Vision']"
38,"['Neural Networks', 'Unsupervised Learning']"
39,"['Ensemble Learning', 'Classification']"
40,"['Supervised Learning', 'Clustering', 'Ensemble Learning']"
41,"['Autoencoders', 'Time Series Analysis']"
42,"['Unsupervised Learning', 'Data Science', 'Natural Language Processing']"
43,"['Computer Vision', 'Natural Language Processing']"
44,['Classification']
45,"['Recommender Systems', 'Clustering', 'Neural Networks']"
46,['Classification']
47,['Data Science']
48,"['AI Ethics', 'Data Preprocessing', 'Computer Vision']"
49,"['Time Series Analysis', 'Data Science', 'Unsupervised Learning']"
50,"['Supervised Learning', 'Autoencoders', 'Ensemble Learning']"
51,['Data Science']
52,['Clustering']
53,"['Classification', 'Supervised Learning']"
54,"['Ensemble Learning', 'Machine Learning']"
55,['Classification']
56,['Clustering']
57,"['Deep Learning', 'Natural Language Processing']"
58,"['Regression Analysis', 'Machine Learning', 'Classification']"
59,['Data Science']
60,['Neural Networks']
61,['Autoencoders']
62,"['TensorFlow', 'AI Ethics']"
63,"['Neural Networks', 'Supervised Learning', 'Machine Learning']"
64,['Time Series Analysis']
65,"['Natural Language Processing', 'Neural Networks']"
66,"['Deep Learning', 'Machine Learning', 'Reinforcement Learning']"
67,['Ensemble Learning']
68,"['Supervised Learning', 'Classification', 'Ensemble Learning']"
69,"['Deep Learning', 'Autoencoders']"
70,"['Machine Learning', 'Supervised Learning', 'Computer Vision']"
71,"['Data Preprocessing', 'Ensemble Learning']"
72,"['Computer Vision', 'Recommender Systems']"
73,"['TensorFlow', 'Ensemble Learning']"
74,"['Autoencoders', 'Data Science', 'Data Preprocessing']"
75,"['TensorFlow', 'Regression Analysis', 'Machine Learning']"
76,['AI Ethics']
77,"['Reinforcement Learning', 'Ensemble Learning']"
78,"['Reinforcement Learning', 'PyTorch']"
79,"['Neural Networks', 'Ensemble Learning']"
80,"['Reinforcement Learning', 'Machine Learning', 'Unsupervised Learning']"
81,"['Time Series Analysis', 'Data Science', 'Supervised Learning']"
82,['Unsupervised Learning']
83,['Ensemble Learning']
84,"['PyTorch', 'AI Ethics', 'Autoencoders']"
85,"['Data Preprocessing', 'Autoencoders']"
86,"['Data Preprocessing', 'Reinforcement Learning']"
87,['Supervised Learning']
88,"['Autoencoders', 'Neural Networks']"
89,"['Deep Learning', 'Ensemble Learning']"
90,['Machine Learning']
91,['Ensemble Learning']
92,"['Classification', 'Recommender Systems']"
93,"['Machine Learning', 'Regression Analysis']"
94,"['Data Preprocessing', 'Machine Learning']"
95,"['Regression Analysis', 'Reinforcement Learning']"
96,"['Recommender Systems', 'AI Ethics']"
97,['Classification']
98,"['Deep Learning', 'Computer Vision']"
99,"['Regression Analysis', 'Deep Learning', 'Neural Networks']"
100,"['Clustering', 'Recommender Systems']"
101,"['TensorFlow', 'AI Ethics']"
102,"['Natural Language Processing', 'TensorFlow', 'Data Preprocessing']"
103,['Neural Networks']
104,['Computer Vision']
105,['Neural Networks']
106,"['Supervised Learning', 'Unsupervised Learning']"
107,"['TensorFlow', 'Reinforcement Learning']"
108,['Machine Learning']
109,"['Machine Learning', 'AI Ethics']"
110,"['Deep Learning', 'AI Ethics']"
111,"['Machine Learning', 'Classification']"
112,"['PyTorch', 'Supervised Learning']"
113,"['Computer Vision', 'Deep Learning']"
114,"['Unsupervised Learning', 'AI Ethics', 'Regression Analysis']"
115,"['Regression Analysis', 'Time Series Analysis']"
116,"['Deep Learning', 'TensorFlow', 'AI Ethics']"
117,"['Regression Analysis', 'Classification']"
118,['Deep Learning']
119,"['Neural Networks', 'Ensemble Learning']"
120,"['Time Series Analysis', 'AI Ethics']"
121,"['Data Preprocessing', 'Recommender Systems']"
122,"['Clustering', 'Neural Networks', 'PyTorch']"
123,"['Ensemble Learning', 'Deep Learning']"
124,"['Reinforcement Learning', 'Clustering', 'Computer Vision']"
125,"['Neural Networks', 'Clustering', 'Time Series Analysis']"
126,['PyTorch']
127,"['Reinforcement Learning', 'PyTorch', 'Deep Learning']"
128,"['Ensemble Learning', 'Natural Language Processing']"
129,"['AI Ethics', 'Classification']"
130,['Reinforcement Learning']
131,['Classification']
132,"['Data Preprocessing', 'PyTorch']"
133,['Ensemble Learning']
134,['Regression Analysis']
135,"['Classification', 'Machine Learning', 'Clustering']"
136,['Unsupervised Learning']
137,"['Natural Language Processing', 'Data Science']"
138,['Ensemble Learning']
139,"['Deep Learning', 'Natural Language Processing', 'Classification']"
140,"['TensorFlow', 'AI Ethics', 'Time Series Analysis']"
141,['Machine Learning']
142,['Reinforcement Learning']
143,['Data Preprocessing']
144,['Unsupervised Learning']
145,"['Neural Networks', 'Time Series Analysis']"
146,"['PyTorch', 'Natural Language Processing']"
147,['Time Series Analysis']
148,"['Classification', 'TensorFlow', 'Clustering']"
149,"['Regression Analysis', 'Clustering', 'Natural Language Processing']"
150,"['Clustering', 'Autoencoders', 'Machine Learning']"
151,['Classification']
152,"['Supervised Learning', 'Data Science', 'AI Ethics']"
153,['PyTorch']
154,['Clustering']
155,"['PyTorch', 'Ensemble Learning', 'Data Preprocessing']"
156,['Natural Language Processing']
157,['Classification']
158,['Time Series Analysis']
159,['Recommender Systems']
160,['Classification']
161,['Autoencoders']
162,"['Reinforcement Learning', 'Machine Learning']"
163,['Supervised Learning']
164,"['Supervised Learning', 'Regression Analysis']"
165,['Ensemble Learning']
166,"['Classification', 'Autoencoders', 'Deep Learning']"
167,"['AI Ethics', 'Classification', 'Autoencoders']"
168,['Clustering']
169,['Recommender Systems']
170,"['Supervised Learning', 'Data Science']"
171,['Reinforcement Learning']
172,['AI Ethics']
173,"['Deep Learning', 'Data Science']"
174,"['Deep Learning', 'Machine Learning']"
175,['Supervised Learning']
176,"['AI Ethics', 'TensorFlow']"
177,"['Deep Learning', 'Supervised Learning', 'Clustering']"
178,['Recommender Systems']
179,"['Ensemble Learning', 'Machine Learning', 'Classification']"
180,['AI Ethics']
181,"['Classification', 'TensorFlow', 'Deep Learning']"
182,"['Data Preprocessing', 'Regression Analysis']"
183,"['Natural Language Processing', 'AI Ethics', 'Deep Learning']"
184,['AI Ethics']
185,['Neural Networks']
186,"['AI Ethics', 'Computer Vision', 'Clustering']"
187,"['Ensemble Learning', 'Recommender Systems']"
188,['Unsupervised Learning']
189,['Recommender Systems']
190,"['Reinforcement Learning', 'Data Science']"
191,"['Unsupervised Learning', 'Neural Networks']"
192,['Recommender Systems']
193,['Natural Language Processing']
194,['AI Ethics']
195,"['Unsupervised Learning', 'Reinforcement Learning', 'Autoencoders']"
196,"['Reinforcement Learning', 'Data Preprocessing']"
197,"['Classification', 'Machine Learning', 'Ensemble Learning']"
198,"['Regression Analysis', 'Autoencoders', 'TensorFlow']"
199,['PyTorch']
200,['Regression Analysis']
201,['Ensemble Learning']
202,"['Data Science', 'Supervised Learning', 'Natural Language Processing']"
203,['Natural Language Processing']
204,['AI Ethics']
205,"['Autoencoders', 'Reinforcement Learning']"
206,"['Reinforcement Learning', 'Recommender Systems']"
207,"['Natural Language Processing', 'Clustering', 'Classification']"
208,"['PyTorch', 'AI Ethics', 'Ensemble Learning']"
209,"['Autoencoders', 'Machine Learning', 'Data Preprocessing']"
210,"['Natural Language Processing', 'Ensemble Learning']"
211,['AI Ethics']
212,"['Computer Vision', 'Classification', 'Data Science']"
213,['Clustering']
214,['Data Science']
215,"['TensorFlow', 'Supervised Learning']"
216,['Machine Learning']
217,"['Ensemble Learning', 'PyTorch', 'Neural Networks']"
218,"['Deep Learning', 'Ensemble Learning', 'Time Series Analysis']"
219,"['Autoencoders', 'Regression Analysis']"
220,['Reinforcement Learning']
221,['Neural Networks']
222,['Machine Learning']
223,"['AI Ethics', 'PyTorch']"
224,"['Autoencoders', 'Classification', 'AI Ethics']"
225,['Ensemble Learning']
226,['Ensemble Learning']
227,"['Neural Networks', 'Machine Learning']"
228,"['Natural Language Processing', 'Supervised Learning', 'Recommender Systems']"
229,['Classification']
230,"['Data Preprocessing', 'Supervised Learning', 'Regression Analysis']"
231,"['Computer Vision', 'Reinforcement Learning', 'AI Ethics']"
232,['Autoencoders']
233,['Data Science']
234,"['Reinforcement Learning', 'TensorFlow', 'Recommender Systems']"
235,['Neural Networks']
236,"['Neural Networks', 'Autoencoders']"
237,"['PyTorch', 'Unsupervised Learning']"
238,['Natural Language Processing']
239,['Data Science']
240,"['Natural Language Processing', 'Ensemble Learning', 'Autoencoders']"
241,['PyTorch']
242,"['Time Series Analysis', 'Data Preprocessing', 'Classification']"
243,"['Reinforcement Learning', 'PyTorch']"
244,"['Classification', 'Data Science']"
245,"['Classification', 'Data Science']"
246,['Neural Networks']
247,"['Neural Networks', 'Reinforcement Learning', 'PyTorch']"
248,['Autoencoders']
249,['PyTorch']
250,"['Recommender Systems', 'Data Science', 'Classification']"
251,"['Supervised Learning', 'Computer Vision']"
252,['AI Ethics']
253,['Data Science']
254,"['Unsupervised Learning', 'Time Series Analysis', 'Supervised Learning']"
255,['Neural Networks']
256,"['Natural Language Processing', 'PyTorch', 'AI Ethics']"
257,['Recommender Systems']
258,['Time Series Analysis']
259,"['Clustering', 'AI Ethics', 'Time Series Analysis']"
260,"['Unsupervised Learning', 'Machine Learning', 'TensorFlow']"
261,"['Unsupervised Learning', 'Deep Learning', 'PyTorch']"
262,['Deep Learning']
263,"['Autoencoders', 'Data Science']"
264,"['Recommender Systems', 'Computer Vision']"
265,"['Neural Networks', 'AI Ethics', 'Regression Analysis']"
266,"['Data Science', 'Neural Networks', 'Unsupervised Learning']"
267,"['Recommender Systems', 'Regression Analysis']"
268,"['Data Science', 'Neural Networks']"
269,"['Autoencoders', 'TensorFlow']"
270,"['Computer Vision', 'AI Ethics']"
271,"['TensorFlow', 'Clustering']"
272,['Deep Learning']
273,"['Reinforcement Learning', 'Neural Networks']"
274,"['Recommender Systems', 'Autoencoders']"
275,"['Classification', 'Supervised Learning']"
276,"['Machine Learning', 'Unsupervised Learning']"
277,['Classification']
278,"['Clustering', 'Neural Networks', 'Data Science']"
279,['Natural Language Processing']
280,"['Supervised Learning', 'PyTorch']"
281,"['Ensemble Learning', 'Unsupervised Learning', 'Classification']"
282,"['Autoencoders', 'Data Preprocessing']"
283,['Classification']
284,"['Machine Learning', 'TensorFlow', 'Regression Analysis']"
285,"['Autoencoders', 'Ensemble Learning']"
286,['Machine Learning']
287,['Computer Vision']
288,['PyTorch']
289,['Machine Learning']
290,"['Regression Analysis', 'Autoencoders', 'Time Series Analysis']"
291,"['Regression Analysis', 'AI Ethics']"
292,['Natural Language Processing']
293,['Autoencoders']
294,"['Natural Language Processing', 'Data Preprocessing']"
295,"['PyTorch', 'Autoencoders', 'Computer Vision']"
296,"['Data Science', 'Ensemble Learning']"
297,"['Data Science', 'Regression Analysis']"
298,"['Regression Analysis', 'Autoencoders']"
299,['Clustering']
300,"['Machine Learning', 'Autoencoders', 'Natural Language Processing']"
301,"['Neural Networks', 'Natural Language Processing']"
302,['Data Preprocessing']
303,"['Ensemble Learning', 'Reinforcement Learning', 'Machine Learning']"
304,['Reinforcement Learning']
305,['Reinforcement Learning']
306,"['Data Science', 'Recommender Systems', 'Time Series Analysis']"
307,['Autoencoders']
308,"['Unsupervised Learning', 'Reinforcement Learning', 'Deep Learning']"
309,"['Time Series Analysis', 'Clustering']"
310,"['Deep Learning', 'Clustering']"
311,"['Clustering', 'PyTorch']"
312,"['Computer Vision', 'TensorFlow']"
313,"['Time Series Analysis', 'Unsupervised Learning']"
314,['PyTorch']
315,"['Neural Networks', 'Computer Vision', 'Recommender Systems']"
316,"['Time Series Analysis', 'Clustering', 'Unsupervised Learning']"
317,"['Data Science', 'Machine Learning']"
318,"['Reinforcement Learning', 'Clustering', 'Classification']"
319,['AI Ethics']
320,"['Clustering', 'Neural Networks', 'TensorFlow']"
321,"['Deep Learning', 'Natural Language Processing']"
322,"['Machine Learning', 'Neural Networks', 'Unsupervised Learning']"
323,"['Autoencoders', 'TensorFlow']"
324,['Unsupervised Learning']
325,"['Data Preprocessing', 'Reinforcement Learning']"
326,['Deep Learning']
327,"['Recommender Systems', 'Neural Networks']"
328,"['Clustering', 'Reinforcement Learning']"
329,"['TensorFlow', 'Ensemble Learning']"
330,"['Ensemble Learning', 'Unsupervised Learning']"
331,['Natural Language Processing']
332,"['TensorFlow', 'Regression Analysis']"
333,['Clustering']
334,"['Reinforcement Learning', 'Computer Vision', 'Neural Networks']"
335,['Deep Learning']
336,"['Time Series Analysis', 'Reinforcement Learning']"
337,['Supervised Learning']
338,['Unsupervised Learning']
339,"['Regression Analysis', 'Natural Language Processing']"
340,"['Data Preprocessing', 'Recommender Systems']"
341,"['Data Preprocessing', 'Ensemble Learning']"
342,"['Natural Language Processing', 'Autoencoders']"
343,"['AI Ethics', 'Reinforcement Learning', 'TensorFlow']"
344,"['Recommender Systems', 'PyTorch', 'Classification']"
345,"['Autoencoders', 'Reinforcement Learning']"
346,"['Data Preprocessing', 'Deep Learning', 'Unsupervised Learning']"
347,['Reinforcement Learning']
348,"['TensorFlow', 'Classification']"
349,"['Computer Vision', 'Natural Language Processing', 'Neural Networks']"
350,['TensorFlow']
351,"['Machine Learning', 'Neural Networks']"
352,"['Classification', 'AI Ethics']"
353,['Data Science']
354,['Machine Learning']
355,"['Clustering', 'Ensemble Learning', 'TensorFlow']"
356,['Natural Language Processing']
357,['Reinforcement Learning']
358,"['Time Series Analysis', 'Regression Analysis']"
359,"['Regression Analysis', 'Recommender Systems', 'Autoencoders']"
360,"['Ensemble Learning', 'Classification', 'Regression Analysis']"
361,['Clustering']
362,"['Data Preprocessing', 'Autoencoders']"
363,"['Neural Networks', 'Clustering']"
364,"['AI Ethics', 'Unsupervised Learning']"
365,['AI Ethics']
366,"['Data Science', 'Reinforcement Learning', 'Time Series Analysis']"
367,"['Autoencoders', 'Reinforcement Learning']"
368,"['Supervised Learning', 'Autoencoders']"
369,"['Supervised Learning', 'Regression Analysis', 'Recommender Systems']"
370,"['Clustering', 'Neural Networks']"
371,"['Deep Learning', 'Classification', 'AI Ethics']"
372,['Time Series Analysis']
373,"['Time Series Analysis', 'TensorFlow']"
374,['Natural Language Processing']
375,['Clustering']
376,['Unsupervised Learning']
377,['TensorFlow']
378,['Regression Analysis']
379,"['Clustering', 'Data Science', 'Deep Learning']"
380,"['Reinforcement Learning', 'Clustering', 'Data Science']"
381,"['Computer Vision', 'Data Preprocessing']"
382,['Data Preprocessing']
383,"['Neural Networks', 'Ensemble Learning']"
384,['Classification']
385,"['TensorFlow', 'AI Ethics', 'Deep Learning']"
386,"['Deep Learning', 'Reinforcement Learning']"
387,"['Time Series Analysis', 'PyTorch']"
388,"['Time Series Analysis', 'Clustering']"
389,"['PyTorch', 'Reinforcement Learning']"
390,['Recommender Systems']
391,"['Autoencoders', 'Regression Analysis', 'Supervised Learning']"
392,"['Classification', 'Neural Networks']"
393,"['Reinforcement Learning', 'TensorFlow']"
394,"['Clustering', 'Time Series Analysis']"
395,['Machine Learning']
396,"['Ensemble Learning', 'Neural Networks']"
397,['Clustering']
398,"['Natural Language Processing', 'Computer Vision', 'Machine Learning']"
399,['Ensemble Learning']
400,"['Recommender Systems', 'Reinforcement Learning']"
